area_sqft,bedrooms,bathrooms,age_years,location_score,price_lakhs
500,1,1,1,5,48.5
525,2,2,2,6,61.25
550,3,3,3,7,74.0
575,4,1,4,8,74.75
600,1,2,5,9,67.5
625,2,3,6,10,80.25
650,3,1,7,5,63.0
675,4,2,8,6,75.75
700,1,3,9,7,68.5
725,2,1,10,8,69.25
750,3,2,11,9,82.0
775,4,3,12,10,94.75
800,1,1,13,5,57.5
825,2,2,14,6,70.25
850,3,3,15,7,83.0
875,4,1,16,8,83.75
900,1,2,17,9,76.5
925,2,3,18,10,89.25
950,3,1,19,5,72.0
975,4,2,20,6,84.75
1000,1,3,1,7,87.5
1025,2,1,2,8,88.25
1050,3,2,3,9,101.0
1075,4,3,4,10,113.75
1100,1,1,5,5,76.5
1125,2,2,6,6,89.25
1150,3,3,7,7,102.0
1175,4,1,8,8,102.75
1200,1,2,9,9,95.5
1225,2,3,10,10,108.25
1250,3,1,11,5,91.0
1275,4,2,12,6,103.75
1300,1,3,13,7,96.5
1325,2,1,14,8,97.25
1350,3,2,15,9,110.0
1375,4,3,16,10,122.75
1400,1,1,17,5,85.5
1425,2,2,18,6,98.25
1450,3,3,19,7,111.0
1475,4,1,20,8,111.75
1500,1,2,1,9,114.5
1525,2,3,2,10,127.25
1550,3,1,3,5,110.0
1575,4,2,4,6,122.75
1600,1,3,5,7,115.5
1625,2,1,6,8,116.25
1650,3,2,7,9,129.0
1675,4,3,8,10,141.75
1700,1,1,9,5,104.5
1725,2,2,10,6,117.25
1750,3,3,11,7,130.0
1775,4,1,12,8,130.75
1800,1,2,13,9,123.5
1825,2,3,14,10,136.25
1850,3,1,15,5,119.0
1875,4,2,16,6,131.75
1900,1,3,17,7,124.5
1925,2,1,18,8,125.25
1950,3,2,19,9,138.0
1975,4,3,20,10,150.75
2000,1,1,1,5,123.5
2025,2,2,2,6,136.25
2050,3,3,3,7,149.0
2075,4,1,4,8,149.75
2100,1,2,5,9,142.5
2125,2,3,6,10,155.25
2150,3,1,7,5,138.0
2175,4,2,8,6,150.75
2200,1,3,9,7,143.5
2225,2,1,10,8,144.25
2250,3,2,11,9,157.0
2275,4,3,12,10,169.75
2300,1,1,13,5,132.5
2325,2,2,14,6,145.25
2350,3,3,15,7,158.0
2375,4,1,16,8,158.75
2400,1,2,17,9,151.5
2425,2,3,18,10,164.25
2450,3,1,19,5,147.0
2475,4,2,20,6,159.75
2500,1,3,1,7,162.5
2525,2,1,2,8,163.25
2550,3,2,3,9,176.0
2575,4,3,4,10,188.75
2600,1,1,5,5,151.5
2625,2,2,6,6,164.25
2650,3,3,7,7,177.0
2675,4,1,8,8,177.75
2700,1,2,9,9,170.5
2725,2,3,10,10,183.25
2750,3,1,11,5,166.0
2775,4,2,12,6,178.75
2800,1,3,13,7,171.5
2825,2,1,14,8,172.25
2850,3,2,15,9,185.0
2875,4,3,16,10,197.75
2900,1,1,17,5,160.5
2925,2,2,18,6,173.25
2950,3,3,19,7,186.0
2975,4,1,20,8,186.75
3000,1,2,1,9,189.5
3025,2,3,2,10,202.25
3050,3,1,3,5,185.0
3075,4,2,4,6,197.75
3100,1,3,5,7,190.5
3125,2,1,6,8,191.25
3150,3,2,7,9,204.0
3175,4,3,8,10,216.75
3200,1,1,9,5,179.5
3225,2,2,10,6,192.25
3250,3,3,11,7,205.0
3275,4,1,12,8,205.75
3300,1,2,13,9,198.5
3325,2,3,14,10,211.25
3350,3,1,15,5,194.0
3375,4,2,16,6,206.75
3400,1,3,17,7,199.5
3425,2,1,18,8,200.25
3450,3,2,19,9,213.0
3475,4,3,20,10,225.75
3500,1,1,1,5,198.5
3525,2,2,2,6,211.25
3550,3,3,3,7,224.0
3575,4,1,4,8,224.75
3600,1,2,5,9,217.5
3625,2,3,6,10,230.25
3650,3,1,7,5,213.0
3675,4,2,8,6,225.75
3700,1,3,9,7,218.5
3725,2,1,10,8,219.25
3750,3,2,11,9,232.0
3775,4,3,12,10,244.75
3800,1,1,13,5,207.5
3825,2,2,14,6,220.25
3850,3,3,15,7,233.0
3875,4,1,16,8,233.75
3900,1,2,17,9,226.5
3925,2,3,18,10,239.25
3950,3,1,19,5,222.0
3975,4,2,20,6,234.75
4000,1,3,1,7,237.5
4025,2,1,2,8,238.25
4050,3,2,3,9,251.0
4075,4,3,4,10,263.75
4100,1,1,5,5,226.5
4125,2,2,6,6,239.25
4150,3,3,7,7,252.0
4175,4,1,8,8,252.75
4200,1,2,9,9,245.5
4225,2,3,10,10,258.25
4250,3,1,11,5,241.0
4275,4,2,12,6,253.75
4300,1,3,13,7,246.5
4325,2,1,14,8,247.25
4350,3,2,15,9,260.0
4375,4,3,16,10,272.75
4400,1,1,17,5,235.5
4425,2,2,18,6,248.25
4450,3,3,19,7,261.0
4475,4,1,20,8,261.75
4500,1,2,1,9,264.5
4525,2,3,2,10,277.25
4550,3,1,3,5,260.0
4575,4,2,4,6,272.75
4600,1,3,5,7,265.5
4625,2,1,6,8,266.25
4650,3,2,7,9,279.0
4675,4,3,8,10,291.75
4700,1,1,9,5,254.5
4725,2,2,10,6,267.25
4750,3,3,11,7,280.0
4775,4,1,12,8,280.75
4800,1,2,13,9,273.5
4825,2,3,14,10,286.25
4850,3,1,15,5,269.0
4875,4,2,16,6,281.75
4900,1,3,17,7,274.5
4925,2,1,18,8,275.25
4950,3,2,19,9,288.0
4975,4,3,20,10,300.75
5000,1,1,1,5,273.5
5025,2,2,2,6,286.25
5050,3,3,3,7,299.0
5075,4,1,4,8,299.75
5100,1,2,5,9,292.5
5125,2,3,6,10,305.25
5150,3,1,7,5,288.0
5175,4,2,8,6,300.75
5200,1,3,9,7,293.5
5225,2,1,10,8,294.25
5250,3,2,11,9,307.0
5275,4,3,12,10,319.75
5300,1,1,13,5,282.5
5325,2,2,14,6,295.25
5350,3,3,15,7,308.0
5375,4,1,16,8,308.75
5400,1,2,17,9,301.5
5425,2,3,18,10,314.25
5450,3,1,19,5,297.0
5475,4,2,20,6,309.75
5500,1,3,1,7,312.5
5525,2,1,2,8,313.25
5550,3,2,3,9,326.0
5575,4,3,4,10,338.75
5600,1,1,5,5,301.5
5625,2,2,6,6,314.25
5650,3,3,7,7,327.0
5675,4,1,8,8,327.75
5700,1,2,9,9,320.5
5725,2,3,10,10,333.25
5750,3,1,11,5,316.0
5775,4,2,12,6,328.75
5800,1,3,13,7,321.5
5825,2,1,14,8,322.25
5850,3,2,15,9,335.0
5875,4,3,16,10,347.75
5900,1,1,17,5,310.5
5925,2,2,18,6,323.25
5950,3,3,19,7,336.0
5975,4,1,20,8,336.75
6000,1,2,1,9,339.5
6025,2,3,2,10,352.25
6050,3,1,3,5,335.0
6075,4,2,4,6,347.75
6100,1,3,5,7,340.5
6125,2,1,6,8,341.25
6150,3,2,7,9,354.0
6175,4,3,8,10,366.75
6200,1,1,9,5,329.5
6225,2,2,10,6,342.25
6250,3,3,11,7,355.0
6275,4,1,12,8,355.75
6300,1,2,13,9,348.5
6325,2,3,14,10,361.25
6350,3,1,15,5,344.0
6375,4,2,16,6,356.75
6400,1,3,17,7,349.5
6425,2,1,18,8,350.25
6450,3,2,19,9,363.0
6475,4,3,20,10,375.75
6500,1,1,1,5,348.5
6525,2,2,2,6,361.25
6550,3,3,3,7,374.0
6575,4,1,4,8,374.75
6600,1,2,5,9,367.5
6625,2,3,6,10,380.25
6650,3,1,7,5,363.0
6675,4,2,8,6,375.75
6700,1,3,9,7,368.5
6725,2,1,10,8,369.25
